{
  "backend": "ibm_brisbane",
  "circuit_choices": [
    -1,
    0,
    -1,
    -1,
    1,
    -1,
    -1,
    3,
    -1,
    -1,
    2,
    -1
  ],
  "circuit_types": [
    "bell",
    "chsh",
    "rand",
    "bell",
    "chsh",
    "rand",
    "bell",
    "chsh",
    "rand",
    "bell",
    "chsh",
    "rand"
  ],
  "num_circuits": 12,
  "provenance": {
    "channel": "ibm_quantum_platform",
    "connection": "QISKIT_IBM_RUNTIME_API_TOKEN",
    "created_at_utc": "2025-10-19T16:27:40.782303Z",
    "developer": "Osamah N. Neamah",
    "instance_crn": "token_only",
    "institution": "Karabuk University \u2014 Quantum Provenance Initiative",
    "project_namespace": "quantum-lab-karabuk",
    "project_title": "QDNA-ID: Quantum Device Native Authentication",
    "provenance_id": "246fa1c3893ee03c1a91d7995080b51a829825eb878abad95e744092b221dbba",
    "runtime": {
      "numpy": "2.3.4",
      "python": "3.13.7",
      "qiskit": "2.2.1",
      "qiskit_ibm_runtime": "0.43.0"
    },
    "spec_version": "2.8.0"
  },
  "qdna_id": "QDNAID20251019162740",
  "raw_results": [
    {
      "00": 256,
      "01": 17,
      "10": 3,
      "11": 236
    },
    {
      "00": 218,
      "01": 36,
      "10": 50,
      "11": 208
    },
    {
      "00": 279,
      "01": 43,
      "10": 79,
      "11": 111
    },
    {
      "00": 254,
      "01": 5,
      "10": 5,
      "11": 248
    },
    {
      "00": 193,
      "01": 39,
      "10": 41,
      "11": 239
    },
    {
      "00": 82,
      "01": 140,
      "10": 66,
      "11": 224
    },
    {
      "00": 246,
      "01": 9,
      "10": 5,
      "11": 252
    },
    {
      "00": 37,
      "01": 207,
      "10": 221,
      "11": 47
    },
    {
      "00": 180,
      "01": 26,
      "10": 294,
      "11": 12
    },
    {
      "00": 257,
      "01": 3,
      "10": 8,
      "11": 244
    },
    {
      "00": 220,
      "01": 43,
      "10": 56,
      "11": 193
    },
    {
      "00": 106,
      "01": 101,
      "10": 35,
      "11": 270
    }
  ],
  "seed": "f29267981d9284293fc82e8b49a30cfc524fa454bcbfae22885d04e4c1410a53",
  "shots": 512,
  "timestamp_utc": "20251019162740"
}