{
  "backend": "ibm_torino",
  "circuit_choices": [
    -1,
    3,
    -1,
    -1,
    0,
    -1,
    -1,
    2,
    -1,
    -1,
    1,
    -1
  ],
  "circuit_types": [
    "bell",
    "chsh",
    "rand",
    "bell",
    "chsh",
    "rand",
    "bell",
    "chsh",
    "rand",
    "bell",
    "chsh",
    "rand"
  ],
  "num_circuits": 12,
  "provenance": {
    "channel": "ibm_quantum_platform",
    "connection": "QISKIT_IBM_RUNTIME_API_TOKEN",
    "created_at_utc": "2025-10-19T16:29:36.331518Z",
    "developer": "Osamah N. Neamah",
    "instance_crn": "token_only",
    "institution": "Karabuk University \u2014 Quantum Provenance Initiative",
    "project_namespace": "quantum-lab-karabuk",
    "project_title": "QDNA-ID: Quantum Device Native Authentication",
    "provenance_id": "728f3535f2b7f48f7659fa3f8d721dce161ba63f2a8def25e83862368eb5c074",
    "runtime": {
      "numpy": "2.3.4",
      "python": "3.13.7",
      "qiskit": "2.2.1",
      "qiskit_ibm_runtime": "0.43.0"
    },
    "spec_version": "2.8.0"
  },
  "qdna_id": "QDNAID20251019162936",
  "raw_results": [
    {
      "00": 286,
      "01": 7,
      "10": 3,
      "11": 216
    },
    {
      "00": 57,
      "01": 213,
      "10": 202,
      "11": 40
    },
    {
      "00": 81,
      "01": 167,
      "10": 107,
      "11": 157
    },
    {
      "00": 274,
      "01": 2,
      "10": 7,
      "11": 229
    },
    {
      "00": 213,
      "01": 39,
      "10": 48,
      "11": 212
    },
    {
      "00": 283,
      "01": 29,
      "10": 153,
      "11": 47
    },
    {
      "00": 257,
      "01": 11,
      "10": 4,
      "11": 240
    },
    {
      "00": 230,
      "01": 49,
      "10": 28,
      "11": 205
    },
    {
      "00": 108,
      "01": 148,
      "10": 155,
      "11": 101
    },
    {
      "00": 280,
      "01": 3,
      "10": 3,
      "11": 226
    },
    {
      "00": 222,
      "01": 37,
      "10": 40,
      "11": 213
    },
    {
      "00": 98,
      "01": 47,
      "10": 13,
      "11": 354
    }
  ],
  "seed": "f9d46b4a65fee20aeab97a6cda97b73f555a948c93cb8696f7bd6495d0b999a8",
  "shots": 512,
  "timestamp_utc": "20251019162936"
}